method,dest_type
2048,unicast
2048,unicast
2048,unicast
2048,unicast
2048,unicast
2048,unicast
2048,unicast
2048,unicast
2048,unicast
2048,unicast
2048,unicast
2048,unicast
2048,unicast
2048,unicast
2048,unicast
2048,unicast
2048,unicast
2048,unicast
2048,unicast
2048,unicast
2048,unicast
2048,unicast
2048,unicast
2048,unicast
2048,unicast
2048,unicast
2048,unicast
2048,unicast
2048,unicast
2048,unicast
2048,unicast
2048,unicast
2048,unicast
2048,unicast
2048,unicast
2048,unicast
2048,unicast
2048,unicast
2048,unicast
2048,unicast
2048,unicast
2048,unicast
2048,unicast
2048,unicast
2048,unicast
2048,unicast
2048,unicast
2048,unicast
2048,unicast
2048,unicast
2048,unicast
2048,unicast
2048,unicast
2048,unicast
2048,unicast
2048,unicast
2048,unicast
2048,unicast
2048,unicast
2048,unicast
2048,unicast
2048,unicast
2048,unicast
2048,unicast
2048,unicast
2048,unicast
2048,unicast
2048,unicast
2048,unicast
2054,unicast
2054,unicast
2048,unicast
2048,unicast
2048,unicast
2048,unicast
2048,unicast
2048,unicast
2048,unicast
2048,unicast
2048,unicast
2048,unicast
2048,unicast
2048,unicast
2048,unicast
2048,unicast
2048,unicast
2048,unicast
2048,unicast
2048,unicast
2048,unicast
2048,unicast
2048,unicast
2048,unicast
2048,unicast
2048,unicast
2048,unicast
2048,unicast
2048,unicast
2048,unicast
2048,unicast
2048,unicast
2048,unicast
2048,unicast
2048,unicast
2048,unicast
2048,unicast
2048,unicast
2048,unicast
2048,unicast
2048,unicast
2048,unicast
2048,unicast
2048,unicast
2048,unicast
2048,unicast
2048,unicast
2048,unicast
2048,unicast
2048,unicast
2048,unicast
2048,unicast
2048,unicast
2048,unicast
2048,unicast
2048,unicast
2048,unicast
2048,unicast
2048,unicast
2048,unicast
2048,unicast
2048,unicast
2048,unicast
2048,unicast
2048,unicast
2048,unicast
2048,unicast
2048,unicast
2048,unicast
2048,unicast
2048,unicast
2048,unicast
2048,unicast
2048,unicast
2048,unicast
2048,unicast
2048,unicast
2048,unicast
2048,unicast
2048,unicast
2048,unicast
2048,unicast
2048,unicast
2048,unicast
2048,unicast
2048,unicast
2048,unicast
2048,unicast
2048,unicast
34525,unicast
2048,unicast
2048,unicast
2048,unicast
2048,unicast
2048,unicast
2048,unicast
2048,unicast
2048,unicast
2048,unicast
2048,unicast
2048,unicast
2048,unicast
2048,unicast
2048,unicast
2048,unicast
2048,unicast
2048,unicast
2048,unicast
2048,unicast
2048,unicast
2048,unicast
2048,unicast
2048,unicast
2048,unicast
2048,unicast
2048,unicast
2048,unicast
2048,unicast
2048,unicast
34525,unicast
2048,unicast
2048,unicast
2048,unicast
2048,unicast
2048,unicast
34525,unicast
2048,unicast
2048,unicast
2048,unicast
2048,unicast
2048,unicast
2048,unicast
2048,unicast
2048,unicast
2048,unicast
2048,unicast
2048,unicast
2048,unicast
2048,unicast
2048,unicast
2048,unicast
2048,unicast
2048,unicast
2048,unicast
2048,unicast
2048,unicast
2048,unicast
2048,unicast
2048,unicast
2048,unicast
2048,unicast
2048,unicast
2048,unicast
2048,unicast
2054,bcast
2048,unicast
2048,unicast
2048,unicast
2048,unicast
2048,unicast
2048,unicast
2048,unicast
2048,unicast
2048,unicast
2048,unicast
2048,unicast
2048,unicast
2048,unicast
2048,unicast
2048,unicast
2048,unicast
2048,unicast
2048,unicast
2048,unicast
2048,unicast
2048,unicast
2048,unicast
2048,unicast
2048,unicast
2048,unicast
2048,unicast
2048,unicast
2048,unicast
2048,unicast
2048,unicast
2048,unicast
2048,unicast
2048,unicast
2048,unicast
2048,unicast
2048,unicast
2048,unicast
2048,unicast
2048,unicast
2048,unicast
2048,unicast
2048,unicast
2048,unicast
2048,unicast
2048,unicast
2048,unicast
2048,unicast
2048,unicast
2048,unicast
2048,unicast
2048,unicast
2048,unicast
2048,unicast
2048,unicast
2048,unicast
2048,unicast
2048,unicast
2048,unicast
2048,unicast
2048,unicast
2048,unicast
2048,unicast
2048,unicast
2048,unicast
2048,unicast
2048,unicast
2048,unicast
2048,unicast
2048,unicast
2048,unicast
2048,unicast
2048,unicast
2048,unicast
2048,unicast
2048,unicast
2048,unicast
2048,unicast
2048,unicast
2048,unicast
2048,unicast
2048,unicast
2048,unicast
2048,unicast
2048,unicast
2048,unicast
2048,unicast
2048,unicast
2048,unicast
2048,unicast
2048,unicast
2048,unicast
2048,unicast
2048,unicast
2048,unicast
2048,unicast
2048,unicast
2048,unicast
2048,unicast
2048,unicast
2048,unicast
2048,unicast
2048,unicast
2048,unicast
2048,unicast
2048,unicast
2048,unicast
2048,unicast
2048,unicast
2048,unicast
2048,unicast
2048,unicast
2048,unicast
2048,unicast
2048,unicast
2048,unicast
2048,unicast
